ID,Uitkeringen,Perioden,SocialeUitkeringen_1
0,T001397,1995JJ00,66254
1,T001397,1996JJ00,65922
2,T001397,1997JJ00,67457
3,T001397,1998JJ00,68889
4,T001397,1999JJ00,70743
5,T001397,2000JJ00,74094
6,T001397,2001JJ00,79255
7,T001397,2002JJ00,85343
8,T001397,2003JJ00,91237
9,T001397,2004JJ00,93355
10,T001397,2005JJ00,95335
11,T001397,2006JJ00,108629
12,T001397,2007JJ00,112795
13,T001397,2008JJ00,119565
14,T001397,2009JJ00,128265
15,T001397,2010JJ00,133994
16,T001397,2011JJ00,137613
17,T001397,2012JJ00,141912
18,T001397,2013JJ00,145560
19,T001397,2014JJ00,147105
20,T001397,2015JJ00,147869
21,T001397,2016JJ00,150981
22,T001397,2017JJ00,153484
23,T001397,2018JJ00,158338
24,T001397,2019JJ00,165372
25,T001397,2020JJ00,169979
26,T001397,2021JJ00,181346
27,A045107,1995JJ00,50635
28,A045107,1996JJ00,50462
29,A045107,1997JJ00,53380
30,A045107,1998JJ00,53503
31,A045107,1999JJ00,55351
32,A045107,2000JJ00,58171
33,A045107,2001JJ00,62722
34,A045107,2002JJ00,68207
35,A045107,2003JJ00,73372
36,A045107,2004JJ00,75227
37,A045107,2005JJ00,76170
38,A045107,2006JJ00,86073
39,A045107,2007JJ00,87129
40,A045107,2008JJ00,91090
41,A045107,2009JJ00,97430
42,A045107,2010JJ00,101622
43,A045107,2011JJ00,103957
44,A045107,2012JJ00,108475
45,A045107,2013JJ00,111561
46,A045107,2014JJ00,113497
47,A045107,2015JJ00,110031
48,A045107,2016JJ00,111824
49,A045107,2017JJ00,113458
50,A045107,2018JJ00,116919
51,A045107,2019JJ00,121950
52,A045107,2020JJ00,124814
53,A045107,2021JJ00,133057
54,A045108,1995JJ00,5735
55,A045108,1996JJ00,5672
56,A045108,1997JJ00,6151
57,A045108,1998JJ00,47
58,A045108,1999JJ00,15
59,A045108,2000JJ00,0
60,A045108,2001JJ00,0
61,A045108,2002JJ00,0
62,A045108,2003JJ00,0
63,A045108,2004JJ00,0
64,A045108,2005JJ00,0
65,A045108,2006JJ00,0
66,A045108,2007JJ00,0
67,A045108,2008JJ00,0
68,A045108,2009JJ00,0
69,A045108,2010JJ00,0
70,A045108,2011JJ00,0
71,A045108,2012JJ00,0
72,A045108,2013JJ00,0
73,A045108,2014JJ00,0
74,A045108,2015JJ00,0
75,A045108,2016JJ00,0
76,A045108,2017JJ00,0
77,A045108,2018JJ00,0
78,A045108,2019JJ00,0
79,A045108,2020JJ00,0
80,A045108,2021JJ00,0
81,A045117,1995JJ00,2090
82,A045117,1996JJ00,2109
83,A045117,1997JJ00,2005
84,A045117,1998JJ00,1552
85,A045117,1999JJ00,1539
86,A045117,2000JJ00,1498
87,A045117,2001JJ00,1515
88,A045117,2002JJ00,1528
89,A045117,2003JJ00,1506
90,A045117,2004JJ00,1442
91,A045117,2005JJ00,1367
92,A045117,2006JJ00,1321
93,A045117,2007JJ00,1265
94,A045117,2008JJ00,1203
95,A045117,2009JJ00,1148
96,A045117,2010JJ00,1065
97,A045117,2011JJ00,968
98,A045117,2012JJ00,844
99,A045117,2013JJ00,711
100,A045117,2014JJ00,584
101,A045117,2015JJ00,439
102,A045117,2016JJ00,416
103,A045117,2017JJ00,392
104,A045117,2018JJ00,378
105,A045117,2019JJ00,356
106,A045117,2020JJ00,339
107,A045117,2021JJ00,317
108,A045116,1995JJ00,15180
109,A045116,1996JJ00,15853
110,A045116,1997JJ00,16609
111,A045116,1998JJ00,17578
112,A045116,1999JJ00,18400
113,A045116,2000JJ00,19098
114,A045116,2001JJ00,20284
115,A045116,2002JJ00,21383
116,A045116,2003JJ00,22429
117,A045116,2004JJ00,22890
118,A045116,2005JJ00,23369
119,A045116,2006JJ00,24169
120,A045116,2007JJ00,25198
121,A045116,2008JJ00,26446
122,A045116,2009JJ00,27580
123,A045116,2010JJ00,28618
124,A045116,2011JJ00,29996
125,A045116,2012JJ00,31415
126,A045116,2013JJ00,32719
127,A045116,2014JJ00,34120
128,A045116,2015JJ00,35814
129,A045116,2016JJ00,36941
130,A045116,2017JJ00,37412
131,A045116,2018JJ00,38125
132,A045116,2019JJ00,39484
133,A045116,2020JJ00,41235
134,A045116,2021JJ00,42956
135,A045120,1995JJ00,11221
136,A045120,1996JJ00,8306
137,A045120,1997JJ00,10415
138,A045120,1998JJ00,11112
139,A045120,1999JJ00,11718
140,A045120,2000JJ00,12924
141,A045120,2001JJ00,14319
142,A045120,2002JJ00,16505
143,A045120,2003JJ00,18020
144,A045120,2004JJ00,18959
145,A045120,2005JJ00,19680
146,A045120,2006JJ00,20877
147,A045120,2007JJ00,20954
148,A045120,2008JJ00,19997
149,A045120,2009JJ00,21443
150,A045120,2010JJ00,22337
151,A045120,2011JJ00,23125
152,A045120,2012JJ00,25771
153,A045120,2013JJ00,25127
154,A045120,2014JJ00,25373
155,A045120,2015JJ00,272
156,A045120,2016JJ00,114
157,A045120,2017JJ00,0
158,A045120,2018JJ00,0
159,A045120,2019JJ00,0
160,A045120,2020JJ00,-118
161,A045120,2021JJ00,0
162,A045110,1995JJ00,0
163,A045110,1996JJ00,0
164,A045110,1997JJ00,0
165,A045110,1998JJ00,0
166,A045110,1999JJ00,0
167,A045110,2000JJ00,0
168,A045110,2001JJ00,0
169,A045110,2002JJ00,0
170,A045110,2003JJ00,0
171,A045110,2004JJ00,0
172,A045110,2005JJ00,0
173,A045110,2006JJ00,131
174,A045110,2007JJ00,420
175,A045110,2008JJ00,725
176,A045110,2009JJ00,1012
177,A045110,2010JJ00,1362
178,A045110,2011JJ00,1753
179,A045110,2012JJ00,2142
180,A045110,2013JJ00,2598
181,A045110,2014JJ00,3012
182,A045110,2015JJ00,3464
183,A045110,2016JJ00,4016
184,A045110,2017JJ00,4512
185,A045110,2018JJ00,5094
186,A045110,2019JJ00,5672
187,A045110,2020JJ00,6273
188,A045110,2021JJ00,6756
189,A045113,1995JJ00,4174
190,A045113,1996JJ00,5370
191,A045113,1997JJ00,4731
192,A045113,1998JJ00,3901
193,A045113,1999JJ00,3464
194,A045113,2000JJ00,3180
195,A045113,2001JJ00,3467
196,A045113,2002JJ00,2299
197,A045113,2003JJ00,3315
198,A045113,2004JJ00,4029
199,A045113,2005JJ00,4168
200,A045113,2006JJ00,3621
201,A045113,2007JJ00,2846
202,A045113,2008JJ00,2394
203,A045113,2009JJ00,3403
204,A045113,2010JJ00,4344
205,A045113,2011JJ00,4296
206,A045113,2012JJ00,5100
207,A045113,2013JJ00,6486
208,A045113,2014JJ00,6924
209,A045113,2015JJ00,6447
210,A045113,2016JJ00,5718
211,A045113,2017JJ00,5145
212,A045113,2018JJ00,4282
213,A045113,2019JJ00,3760
214,A045113,2020JJ00,4245
215,A045113,2021JJ00,3662
216,A045112,1995JJ00,0
217,A045112,1996JJ00,0
218,A045112,1997JJ00,0
219,A045112,1998JJ00,0
220,A045112,1999JJ00,0
221,A045112,2000JJ00,0
222,A045112,2001JJ00,0
223,A045112,2002JJ00,683
224,A045112,2003JJ00,867
225,A045112,2004JJ00,849
226,A045112,2005JJ00,758
227,A045112,2006JJ00,827
228,A045112,2007JJ00,840
229,A045112,2008JJ00,985
230,A045112,2009JJ00,1067
231,A045112,2010JJ00,1110
232,A045112,2011JJ00,1111
233,A045112,2012JJ00,1126
234,A045112,2013JJ00,1090
235,A045112,2014JJ00,1105
236,A045112,2015JJ00,1086
237,A045112,2016JJ00,1129
238,A045112,2017JJ00,1135
239,A045112,2018JJ00,1283
240,A045112,2019JJ00,1239
241,A045112,2020JJ00,1359
242,A045112,2021JJ00,1677
243,A045111,1995JJ00,0
244,A045111,1996JJ00,0
245,A045111,1997JJ00,0
246,A045111,1998JJ00,436
247,A045111,1999JJ00,486
248,A045111,2000JJ00,469
249,A045111,2001JJ00,504
250,A045111,2002JJ00,502
251,A045111,2003JJ00,524
252,A045111,2004JJ00,507
253,A045111,2005JJ00,474
254,A045111,2006JJ00,441
255,A045111,2007JJ00,387
256,A045111,2008JJ00,370
257,A045111,2009JJ00,332
258,A045111,2010JJ00,296
259,A045111,2011JJ00,271
260,A045111,2012JJ00,245
261,A045111,2013JJ00,209
262,A045111,2014JJ00,188
263,A045111,2015JJ00,168
264,A045111,2016JJ00,150
265,A045111,2017JJ00,136
266,A045111,2018JJ00,122
267,A045111,2019JJ00,110
268,A045111,2020JJ00,100
269,A045111,2021JJ00,88
270,A045121,1995JJ00,0
271,A045121,1996JJ00,0
272,A045121,1997JJ00,0
273,A045121,1998JJ00,0
274,A045121,1999JJ00,0
275,A045121,2000JJ00,0
276,A045121,2001JJ00,0
277,A045121,2002JJ00,0
278,A045121,2003JJ00,0
279,A045121,2004JJ00,0
280,A045121,2005JJ00,0
281,A045121,2006JJ00,0
282,A045121,2007JJ00,0
283,A045121,2008JJ00,0
284,A045121,2009JJ00,0
285,A045121,2010JJ00,0
286,A045121,2011JJ00,0
287,A045121,2012JJ00,0
288,A045121,2013JJ00,0
289,A045121,2014JJ00,0
290,A045121,2015JJ00,17367
291,A045121,2016JJ00,17865
292,A045121,2017JJ00,18168
293,A045121,2018JJ00,19605
294,A045121,2019JJ00,21718
295,A045121,2020JJ00,22739
296,A045121,2021JJ00,25623
297,A045109,1995JJ00,3290
298,A045109,1996JJ00,3288
299,A045109,1997JJ00,3147
300,A045109,1998JJ00,8119
301,A045109,1999JJ00,8383
302,A045109,2000JJ00,8684
303,A045109,2001JJ00,9121
304,A045109,2002JJ00,9399
305,A045109,2003JJ00,9623
306,A045109,2004JJ00,9331
307,A045109,2005JJ00,8709
308,A045109,2006JJ00,7970
309,A045109,2007JJ00,7944
310,A045109,2008JJ00,7991
311,A045109,2009JJ00,7569
312,A045109,2010JJ00,7188
313,A045109,2011JJ00,6670
314,A045109,2012JJ00,6136
315,A045109,2013JJ00,5697
316,A045109,2014JJ00,5291
317,A045109,2015JJ00,4892
318,A045109,2016JJ00,4537
319,A045109,2017JJ00,4299
320,A045109,2018JJ00,4074
321,A045109,2019JJ00,3885
322,A045109,2020JJ00,3628
323,A045109,2021JJ00,3321
324,A045118,1995JJ00,7071
325,A045118,1996JJ00,9540
326,A045118,1997JJ00,10322
327,A045118,1998JJ00,10758
328,A045118,1999JJ00,11346
329,A045118,2000JJ00,12318
330,A045118,2001JJ00,13512
331,A045118,2002JJ00,15049
332,A045118,2003JJ00,16162
333,A045118,2004JJ00,16412
334,A045118,2005JJ00,16743
335,A045118,2006JJ00,0
336,A045118,2007JJ00,0
337,A045118,2008JJ00,0
338,A045118,2009JJ00,0
339,A045118,2010JJ00,0
340,A045118,2011JJ00,0
341,A045118,2012JJ00,0
342,A045118,2013JJ00,0
343,A045118,2014JJ00,0
344,A045118,2015JJ00,0
345,A045118,2016JJ00,0
346,A045118,2017JJ00,0
347,A045118,2018JJ00,0
348,A045118,2019JJ00,0
349,A045118,2020JJ00,0
350,A045118,2021JJ00,0
351,A045115,1995JJ00,1874
352,A045115,1996JJ00,324
353,A045115,1997JJ00,0
354,A045115,1998JJ00,0
355,A045115,1999JJ00,0
356,A045115,2000JJ00,0
357,A045115,2001JJ00,0
358,A045115,2002JJ00,0
359,A045115,2003JJ00,0
360,A045115,2004JJ00,0
361,A045115,2005JJ00,0
362,A045115,2006JJ00,0
363,A045115,2007JJ00,0
364,A045115,2008JJ00,0
365,A045115,2009JJ00,0
366,A045115,2010JJ00,0
367,A045115,2011JJ00,0
368,A045115,2012JJ00,0
369,A045115,2013JJ00,0
370,A045115,2014JJ00,0
371,A045115,2015JJ00,0
372,A045115,2016JJ00,0
373,A045115,2017JJ00,0
374,A045115,2018JJ00,0
375,A045115,2019JJ00,0
376,A045115,2020JJ00,0
377,A045115,2021JJ00,0
378,A045114,1995JJ00,0
379,A045114,1996JJ00,0
380,A045114,1997JJ00,0
381,A045114,1998JJ00,0
382,A045114,1999JJ00,0
383,A045114,2000JJ00,0
384,A045114,2001JJ00,0
385,A045114,2002JJ00,859
386,A045114,2003JJ00,926
387,A045114,2004JJ00,808
388,A045114,2005JJ00,902
389,A045114,2006JJ00,1202
390,A045114,2007JJ00,1177
391,A045114,2008JJ00,1063
392,A045114,2009JJ00,1267
393,A045114,2010JJ00,1498
394,A045114,2011JJ00,1556
395,A045114,2012JJ00,1635
396,A045114,2013JJ00,1581
397,A045114,2014JJ00,1545
398,A045114,2015JJ00,1494
399,A045114,2016JJ00,1525
400,A045114,2017JJ00,1582
401,A045114,2018JJ00,1643
402,A045114,2019JJ00,1746
403,A045114,2020JJ00,1966
404,A045114,2021JJ00,1978
405,A045119,1995JJ00,0
406,A045119,1996JJ00,0
407,A045119,1997JJ00,0
408,A045119,1998JJ00,0
409,A045119,1999JJ00,0
410,A045119,2000JJ00,0
411,A045119,2001JJ00,0
412,A045119,2002JJ00,0
413,A045119,2003JJ00,0
414,A045119,2004JJ00,0
415,A045119,2005JJ00,0
416,A045119,2006JJ00,25514
417,A045119,2007JJ00,26098
418,A045119,2008JJ00,29916
419,A045119,2009JJ00,32609
420,A045119,2010JJ00,33804
421,A045119,2011JJ00,34211
422,A045119,2012JJ00,34061
423,A045119,2013JJ00,35343
424,A045119,2014JJ00,35355
425,A045119,2015JJ00,38588
426,A045119,2016JJ00,39413
427,A045119,2017JJ00,40677
428,A045119,2018JJ00,42313
429,A045119,2019JJ00,43980
430,A045119,2020JJ00,43048
431,A045119,2021JJ00,46679
432,A045122,1995JJ00,15619
433,A045122,1996JJ00,15460
434,A045122,1997JJ00,14077
435,A045122,1998JJ00,15386
436,A045122,1999JJ00,15392
437,A045122,2000JJ00,15923
438,A045122,2001JJ00,16533
439,A045122,2002JJ00,17136
440,A045122,2003JJ00,17865
441,A045122,2004JJ00,18128
442,A045122,2005JJ00,19165
443,A045122,2006JJ00,22556
444,A045122,2007JJ00,25666
445,A045122,2008JJ00,28475
446,A045122,2009JJ00,30835
447,A045122,2010JJ00,32372
448,A045122,2011JJ00,33656
449,A045122,2012JJ00,33437
450,A045122,2013JJ00,33999
451,A045122,2014JJ00,33608
452,A045122,2015JJ00,37838
453,A045122,2016JJ00,39157
454,A045122,2017JJ00,40026
455,A045122,2018JJ00,41419
456,A045122,2019JJ00,43422
457,A045122,2020JJ00,45165
458,A045122,2021JJ00,48289
459,A045130,1995JJ00,0
460,A045130,1996JJ00,0
461,A045130,1997JJ00,0
462,A045130,1998JJ00,0
463,A045130,1999JJ00,0
464,A045130,2000JJ00,0
465,A045130,2001JJ00,0
466,A045130,2002JJ00,0
467,A045130,2003JJ00,0
468,A045130,2004JJ00,0
469,A045130,2005JJ00,0
470,A045130,2006JJ00,0
471,A045130,2007JJ00,0
472,A045130,2008JJ00,0
473,A045130,2009JJ00,0
474,A045130,2010JJ00,202
475,A045130,2011JJ00,212
476,A045130,2012JJ00,200
477,A045130,2013JJ00,195
478,A045130,2014JJ00,216
479,A045130,2015JJ00,234
480,A045130,2016JJ00,239
481,A045130,2017JJ00,268
482,A045130,2018JJ00,296
483,A045130,2019JJ00,308
484,A045130,2020JJ00,330
485,A045130,2021JJ00,350
486,A045126,1995JJ00,2955
487,A045126,1996JJ00,2898
488,A045126,1997JJ00,2832
489,A045126,1998JJ00,2868
490,A045126,1999JJ00,2828
491,A045126,2000JJ00,2911
492,A045126,2001JJ00,3001
493,A045126,2002JJ00,3118
494,A045126,2003JJ00,3199
495,A045126,2004JJ00,3232
496,A045126,2005JJ00,3191
497,A045126,2006JJ00,3263
498,A045126,2007JJ00,3348
499,A045126,2008JJ00,3390
500,A045126,2009JJ00,3401
501,A045126,2010JJ00,3371
502,A045126,2011JJ00,3346
503,A045126,2012JJ00,3236
504,A045126,2013JJ00,3229
505,A045126,2014JJ00,3203
506,A045126,2015JJ00,3216
507,A045126,2016JJ00,3310
508,A045126,2017JJ00,3330
509,A045126,2018JJ00,3349
510,A045126,2019JJ00,3628
511,A045126,2020JJ00,3657
512,A045126,2021JJ00,3680
513,A045141,1995JJ00,282
514,A045141,1996JJ00,211
515,A045141,1997JJ00,223
516,A045141,1998JJ00,241
517,A045141,1999JJ00,257
518,A045141,2000JJ00,270
519,A045141,2001JJ00,280
520,A045141,2002JJ00,323
521,A045141,2003JJ00,331
522,A045141,2004JJ00,335
523,A045141,2005JJ00,343
524,A045141,2006JJ00,346
525,A045141,2007JJ00,358
526,A045141,2008JJ00,371
527,A045141,2009JJ00,390
528,A045141,2010JJ00,378
529,A045141,2011JJ00,399
530,A045141,2012JJ00,395
531,A045141,2013JJ00,405
532,A045141,2014JJ00,418
533,A045141,2015JJ00,420
534,A045141,2016JJ00,444
535,A045141,2017JJ00,455
536,A045141,2018JJ00,456
537,A045141,2019JJ00,467
538,A045141,2020JJ00,480
539,A045141,2021JJ00,514
540,A045150,1995JJ00,0
541,A045150,1996JJ00,0
542,A045150,1997JJ00,0
543,A045150,1998JJ00,0
544,A045150,1999JJ00,0
545,A045150,2000JJ00,0
546,A045150,2001JJ00,0
547,A045150,2002JJ00,43
548,A045150,2003JJ00,85
549,A045150,2004JJ00,99
550,A045150,2005JJ00,111
551,A045150,2006JJ00,158
552,A045150,2007JJ00,175
553,A045150,2008JJ00,203
554,A045150,2009JJ00,221
555,A045150,2010JJ00,234
556,A045150,2011JJ00,228
557,A045150,2012JJ00,218
558,A045150,2013JJ00,239
559,A045150,2014JJ00,223
560,A045150,2015JJ00,236
561,A045150,2016JJ00,246
562,A045150,2017JJ00,249
563,A045150,2018JJ00,258
564,A045150,2019JJ00,273
565,A045150,2020JJ00,287
566,A045150,2021JJ00,300
567,A045146,1995JJ00,270
568,A045146,1996JJ00,172
569,A045146,1997JJ00,207
570,A045146,1998JJ00,210
571,A045146,1999JJ00,263
572,A045146,2000JJ00,307
573,A045146,2001JJ00,307
574,A045146,2002JJ00,260
575,A045146,2003JJ00,152
576,A045146,2004JJ00,115
577,A045146,2005JJ00,90
578,A045146,2006JJ00,81
579,A045146,2007JJ00,108
580,A045146,2008JJ00,117
581,A045146,2009JJ00,134
582,A045146,2010JJ00,115
583,A045146,2011JJ00,101
584,A045146,2012JJ00,81
585,A045146,2013JJ00,76
586,A045146,2014JJ00,209
587,A045146,2015JJ00,349
588,A045146,2016JJ00,342
589,A045146,2017JJ00,326
590,A045146,2018JJ00,264
591,A045146,2019JJ00,273
592,A045146,2020JJ00,253
593,A045146,2021JJ00,287
594,A045123,1995JJ00,349
595,A045123,1996JJ00,348
596,A045123,1997JJ00,340
597,A045123,1998JJ00,346
598,A045123,1999JJ00,358
599,A045123,2000JJ00,356
600,A045123,2001JJ00,368
601,A045123,2002JJ00,386
602,A045123,2003JJ00,383
603,A045123,2004JJ00,384
604,A045123,2005JJ00,353
605,A045123,2006JJ00,346
606,A045123,2007JJ00,347
607,A045123,2008JJ00,338
608,A045123,2009JJ00,331
609,A045123,2010JJ00,326
610,A045123,2011JJ00,311
611,A045123,2012JJ00,301
612,A045123,2013JJ00,303
613,A045123,2014JJ00,279
614,A045123,2015JJ00,267
615,A045123,2016JJ00,258
616,A045123,2017JJ00,248
617,A045123,2018JJ00,235
618,A045123,2019JJ00,222
619,A045123,2020JJ00,208
620,A045123,2021JJ00,193
621,A045129,1995JJ00,4713
622,A045129,1996JJ00,4879
623,A045129,1997JJ00,4718
624,A045129,1998JJ00,4546
625,A045129,1999JJ00,4202
626,A045129,2000JJ00,4097
627,A045129,2001JJ00,4127
628,A045129,2002JJ00,4225
629,A045129,2003JJ00,4458
630,A045129,2004JJ00,4475
631,A045129,2005JJ00,4485
632,A045129,2006JJ00,4377
633,A045129,2007JJ00,4186
634,A045129,2008JJ00,4109
635,A045129,2009JJ00,4336
636,A045129,2010JJ00,4352
637,A045129,2011JJ00,4429
638,A045129,2012JJ00,4955
639,A045129,2013JJ00,5345
640,A045129,2014JJ00,5928
641,A045129,2015JJ00,5789
642,A045129,2016JJ00,6181
643,A045129,2017JJ00,6293
644,A045129,2018JJ00,6089
645,A045129,2019JJ00,5938
646,A045129,2020JJ00,6099
647,A045129,2021JJ00,6138
648,A051746,1995JJ00,0
649,A051746,1996JJ00,0
650,A051746,1997JJ00,0
651,A051746,1998JJ00,0
652,A051746,1999JJ00,0
653,A051746,2000JJ00,0
654,A051746,2001JJ00,0
655,A051746,2002JJ00,0
656,A051746,2003JJ00,0
657,A051746,2004JJ00,0
658,A051746,2005JJ00,0
659,A051746,2006JJ00,0
660,A051746,2007JJ00,0
661,A051746,2008JJ00,0
662,A051746,2009JJ00,0
663,A051746,2010JJ00,0
664,A051746,2011JJ00,0
665,A051746,2012JJ00,0
666,A051746,2013JJ00,0
667,A051746,2014JJ00,0
668,A051746,2015JJ00,0
669,A051746,2016JJ00,0
670,A051746,2017JJ00,0
671,A051746,2018JJ00,0
672,A051746,2019JJ00,0
673,A051746,2020JJ00,0
674,A051746,2021JJ00,1166
675,A045317,1995JJ00,25
676,A045317,1996JJ00,26
677,A045317,1997JJ00,29
678,A045317,1998JJ00,32
679,A045317,1999JJ00,36
680,A045317,2000JJ00,39
681,A045317,2001JJ00,58
682,A045317,2002JJ00,80
683,A045317,2003JJ00,82
684,A045317,2004JJ00,82
685,A045317,2005JJ00,74
686,A045317,2006JJ00,74
687,A045317,2007JJ00,77
688,A045317,2008JJ00,88
689,A045317,2009JJ00,82
690,A045317,2010JJ00,83
691,A045317,2011JJ00,86
692,A045317,2012JJ00,92
693,A045317,2013JJ00,98
694,A045317,2014JJ00,93
695,A045317,2015JJ00,92
696,A045317,2016JJ00,94
697,A045317,2017JJ00,111
698,A045317,2018JJ00,116
699,A045317,2019JJ00,121
700,A045317,2020JJ00,128
701,A045317,2021JJ00,67
702,A045138,1995JJ00,924
703,A045138,1996JJ00,1021
704,A045138,1997JJ00,1185
705,A045138,1998JJ00,1364
706,A045138,1999JJ00,1459
707,A045138,2000JJ00,1462
708,A045138,2001JJ00,1505
709,A045138,2002JJ00,1717
710,A045138,2003JJ00,1603
711,A045138,2004JJ00,1649
712,A045138,2005JJ00,1686
713,A045138,2006JJ00,2026
714,A045138,2007JJ00,2148
715,A045138,2008JJ00,2159
716,A045138,2009JJ00,2135
717,A045138,2010JJ00,2213
718,A045138,2011JJ00,2311
719,A045138,2012JJ00,2288
720,A045138,2013JJ00,2435
721,A045138,2014JJ00,2814
722,A045138,2015JJ00,3094
723,A045138,2016JJ00,3339
724,A045138,2017JJ00,3434
725,A045138,2018JJ00,3504
726,A045138,2019JJ00,3551
727,A045138,2020JJ00,3811
728,A045138,2021JJ00,4001
729,A045125,1995JJ00,232
730,A045125,1996JJ00,236
731,A045125,1997JJ00,247
732,A045125,1998JJ00,244
733,A045125,1999JJ00,263
734,A045125,2000JJ00,270
735,A045125,2001JJ00,239
736,A045125,2002JJ00,251
737,A045125,2003JJ00,233
738,A045125,2004JJ00,191
739,A045125,2005JJ00,151
740,A045125,2006JJ00,112
741,A045125,2007JJ00,111
742,A045125,2008JJ00,113
743,A045125,2009JJ00,153
744,A045125,2010JJ00,152
745,A045125,2011JJ00,161
746,A045125,2012JJ00,181
747,A045125,2013JJ00,197
748,A045125,2014JJ00,251
749,A045125,2015JJ00,298
750,A045125,2016JJ00,299
751,A045125,2017JJ00,318
752,A045125,2018JJ00,409
753,A045125,2019JJ00,379
754,A045125,2020JJ00,359
755,A045125,2021JJ00,325
756,A045148,1995JJ00,568
757,A045148,1996JJ00,532
758,A045148,1997JJ00,572
759,A045148,1998JJ00,734
760,A045148,1999JJ00,843
761,A045148,2000JJ00,944
762,A045148,2001JJ00,1044
763,A045148,2002JJ00,1046
764,A045148,2003JJ00,1029
765,A045148,2004JJ00,909
766,A045148,2005JJ00,871
767,A045148,2006JJ00,928
768,A045148,2007JJ00,1032
769,A045148,2008JJ00,1047
770,A045148,2009JJ00,1386
771,A045148,2010JJ00,1490
772,A045148,2011JJ00,1436
773,A045148,2012JJ00,1457
774,A045148,2013JJ00,1435
775,A045148,2014JJ00,1481
776,A045148,2015JJ00,2663
777,A045148,2016JJ00,2738
778,A045148,2017JJ00,2936
779,A045148,2018JJ00,3283
780,A045148,2019JJ00,3642
781,A045148,2020JJ00,3803
782,A045148,2021JJ00,4131
783,A045142,1995JJ00,30
784,A045142,1996JJ00,31
785,A045142,1997JJ00,35
786,A045142,1998JJ00,39
787,A045142,1999JJ00,43
788,A045142,2000JJ00,47
789,A045142,2001JJ00,70
790,A045142,2002JJ00,97
791,A045142,2003JJ00,98
792,A045142,2004JJ00,99
793,A045142,2005JJ00,610
794,A045142,2006JJ00,923
795,A045142,2007JJ00,2027
796,A045142,2008JJ00,2795
797,A045142,2009JJ00,3047
798,A045142,2010JJ00,2997
799,A045142,2011JJ00,2920
800,A045142,2012JJ00,2455
801,A045142,2013JJ00,2063
802,A045142,2014JJ00,1835
803,A045142,2015JJ00,1741
804,A045142,2016JJ00,2095
805,A045142,2017JJ00,2370
806,A045142,2018JJ00,2613
807,A045142,2019JJ00,3095
808,A045142,2020JJ00,2928
809,A045142,2021JJ00,3493
810,A045135,1995JJ00,0
811,A045135,1996JJ00,0
812,A045135,1997JJ00,0
813,A045135,1998JJ00,0
814,A045135,1999JJ00,0
815,A045135,2000JJ00,0
816,A045135,2001JJ00,0
817,A045135,2002JJ00,0
818,A045135,2003JJ00,0
819,A045135,2004JJ00,0
820,A045135,2005JJ00,0
821,A045135,2006JJ00,0
822,A045135,2007JJ00,0
823,A045135,2008JJ00,823
824,A045135,2009JJ00,942
825,A045135,2010JJ00,896
826,A045135,2011JJ00,976
827,A045135,2012JJ00,911
828,A045135,2013JJ00,896
829,A045135,2014JJ00,936
830,A045135,2015JJ00,1822
831,A045135,2016JJ00,1908
832,A045135,2017JJ00,1895
833,A045135,2018JJ00,1910
834,A045135,2019JJ00,2065
835,A045135,2020JJ00,2709
836,A045135,2021JJ00,2648
837,A045143,1995JJ00,91
838,A045143,1996JJ00,91
839,A045143,1997JJ00,91
840,A045143,1998JJ00,93
841,A045143,1999JJ00,95
842,A045143,2000JJ00,98
843,A045143,2001JJ00,130
844,A045143,2002JJ00,148
845,A045143,2003JJ00,156
846,A045143,2004JJ00,161
847,A045143,2005JJ00,169
848,A045143,2006JJ00,185
849,A045143,2007JJ00,199
850,A045143,2008JJ00,221
851,A045143,2009JJ00,247
852,A045143,2010JJ00,236
853,A045143,2011JJ00,244
854,A045143,2012JJ00,253
855,A045143,2013JJ00,237
856,A045143,2014JJ00,214
857,A045143,2015JJ00,193
858,A045143,2016JJ00,194
859,A045143,2017JJ00,199
860,A045143,2018JJ00,212
861,A045143,2019JJ00,275
862,A045143,2020JJ00,239
863,A045143,2021JJ00,317
864,A045134,1995JJ00,0
865,A045134,1996JJ00,0
866,A045134,1997JJ00,0
867,A045134,1998JJ00,0
868,A045134,1999JJ00,0
869,A045134,2000JJ00,0
870,A045134,2001JJ00,0
871,A045134,2002JJ00,0
872,A045134,2003JJ00,0
873,A045134,2004JJ00,0
874,A045134,2005JJ00,252
875,A045134,2006JJ00,299
876,A045134,2007JJ00,439
877,A045134,2008JJ00,483
878,A045134,2009JJ00,1217
879,A045134,2010JJ00,1178
880,A045134,2011JJ00,1108
881,A045134,2012JJ00,1124
882,A045134,2013JJ00,1198
883,A045134,2014JJ00,986
884,A045134,2015JJ00,1
885,A045134,2016JJ00,1
886,A045134,2017JJ00,0
887,A045134,2018JJ00,0
888,A045134,2019JJ00,0
889,A045134,2020JJ00,0
890,A045134,2021JJ00,0
891,A045128,1995JJ00,264
892,A045128,1996JJ00,223
893,A045128,1997JJ00,181
894,A045128,1998JJ00,143
895,A045128,1999JJ00,110
896,A045128,2000JJ00,83
897,A045128,2001JJ00,61
898,A045128,2002JJ00,51
899,A045128,2003JJ00,41
900,A045128,2004JJ00,36
901,A045128,2005JJ00,26
902,A045128,2006JJ00,22
903,A045128,2007JJ00,16
904,A045128,2008JJ00,5
905,A045128,2009JJ00,16
906,A045128,2010JJ00,28
907,A045128,2011JJ00,8
908,A045128,2012JJ00,38
909,A045128,2013JJ00,30
910,A045128,2014JJ00,20
911,A045128,2015JJ00,10
912,A045128,2016JJ00,6
913,A045128,2017JJ00,5
914,A045128,2018JJ00,4
915,A045128,2019JJ00,4
916,A045128,2020JJ00,3
917,A045128,2021JJ00,3
918,A045140,1995JJ00,163
919,A045140,1996JJ00,152
920,A045140,1997JJ00,162
921,A045140,1998JJ00,167
922,A045140,1999JJ00,173
923,A045140,2000JJ00,206
924,A045140,2001JJ00,256
925,A045140,2002JJ00,295
926,A045140,2003JJ00,316
927,A045140,2004JJ00,334
928,A045140,2005JJ00,340
929,A045140,2006JJ00,345
930,A045140,2007JJ00,355
931,A045140,2008JJ00,382
932,A045140,2009JJ00,402
933,A045140,2010JJ00,416
934,A045140,2011JJ00,416
935,A045140,2012JJ00,443
936,A045140,2013JJ00,443
937,A045140,2014JJ00,431
938,A045140,2015JJ00,435
939,A045140,2016JJ00,403
940,A045140,2017JJ00,362
941,A045140,2018JJ00,346
942,A045140,2019JJ00,389
943,A045140,2020JJ00,406
944,A045140,2021JJ00,426
945,A045147,1995JJ00,39
946,A045147,1996JJ00,88
947,A045147,1997JJ00,156
948,A045147,1998JJ00,234
949,A045147,1999JJ00,244
950,A045147,2000JJ00,394
951,A045147,2001JJ00,403
952,A045147,2002JJ00,466
953,A045147,2003JJ00,535
954,A045147,2004JJ00,583
955,A045147,2005JJ00,635
956,A045147,2006JJ00,424
957,A045147,2007JJ00,415
958,A045147,2008JJ00,343
959,A045147,2009JJ00,337
960,A045147,2010JJ00,333
961,A045147,2011JJ00,267
962,A045147,2012JJ00,166
963,A045147,2013JJ00,180
964,A045147,2014JJ00,174
965,A045147,2015JJ00,163
966,A045147,2016JJ00,177
967,A045147,2017JJ00,213
968,A045147,2018JJ00,224
969,A045147,2019JJ00,212
970,A045147,2020JJ00,194
971,A045147,2021JJ00,197
972,A045145,1995JJ00,0
973,A045145,1996JJ00,0
974,A045145,1997JJ00,0
975,A045145,1998JJ00,54
976,A045145,1999JJ00,85
977,A045145,2000JJ00,221
978,A045145,2001JJ00,244
979,A045145,2002JJ00,300
980,A045145,2003JJ00,308
981,A045145,2004JJ00,256
982,A045145,2005JJ00,190
983,A045145,2006JJ00,99
984,A045145,2007JJ00,62
985,A045145,2008JJ00,11
986,A045145,2009JJ00,6
987,A045145,2010JJ00,2
988,A045145,2011JJ00,0
989,A045145,2012JJ00,0
990,A045145,2013JJ00,0
991,A045145,2014JJ00,0
992,A045145,2015JJ00,0
993,A045145,2016JJ00,0
994,A045145,2017JJ00,0
995,A045145,2018JJ00,0
996,A045145,2019JJ00,0
997,A045145,2020JJ00,0
998,A045145,2021JJ00,0
999,A051747,1995JJ00,1691
1000,A051747,1996JJ00,1538
1001,A051747,1997JJ00,1458
1002,A051747,1998JJ00,1252
1003,A051747,1999JJ00,1167
1004,A051747,2000JJ00,1087
1005,A051747,2001JJ00,1005
1006,A051747,2002JJ00,770
1007,A051747,2003JJ00,1288
1008,A051747,2004JJ00,1589
1009,A051747,2005JJ00,2083
1010,A051747,2006JJ00,2471
1011,A051747,2007JJ00,2495
1012,A051747,2008JJ00,2501
1013,A051747,2009JJ00,2388
1014,A051747,2010JJ00,2342
1015,A051747,2011JJ00,2501
1016,A051747,2012JJ00,2870
1017,A051747,2013JJ00,2900
1018,A051747,2014JJ00,3100
1019,A051747,2015JJ00,3002
1020,A051747,2016JJ00,2666
1021,A051747,2017JJ00,2466
1022,A051747,2018JJ00,2503
1023,A051747,2019JJ00,2374
1024,A051747,2020JJ00,2212
1025,A051747,2021JJ00,2621
1026,A045132,1995JJ00,300
1027,A045132,1996JJ00,292
1028,A045132,1997JJ00,284
1029,A045132,1998JJ00,282
1030,A045132,1999JJ00,302
1031,A045132,2000JJ00,289
1032,A045132,2001JJ00,274
1033,A045132,2002JJ00,287
1034,A045132,2003JJ00,303
1035,A045132,2004JJ00,336
1036,A045132,2005JJ00,331
1037,A045132,2006JJ00,372
1038,A045132,2007JJ00,356
1039,A045132,2008JJ00,363
1040,A045132,2009JJ00,768
1041,A045132,2010JJ00,801
1042,A045132,2011JJ00,820
1043,A045132,2012JJ00,859
1044,A045132,2013JJ00,981
1045,A045132,2014JJ00,885
1046,A045132,2015JJ00,792
1047,A045132,2016JJ00,828
1048,A045132,2017JJ00,731
1049,A045132,2018JJ00,739
1050,A045132,2019JJ00,754
1051,A045132,2020JJ00,799
1052,A045132,2021JJ00,770
1053,A045318,1995JJ00,42
1054,A045318,1996JJ00,43
1055,A045318,1997JJ00,48
1056,A045318,1998JJ00,54
1057,A045318,1999JJ00,59
1058,A045318,2000JJ00,65
1059,A045318,2001JJ00,98
1060,A045318,2002JJ00,134
1061,A045318,2003JJ00,136
1062,A045318,2004JJ00,136
1063,A045318,2005JJ00,124
1064,A045318,2006JJ00,123
1065,A045318,2007JJ00,128
1066,A045318,2008JJ00,146
1067,A045318,2009JJ00,136
1068,A045318,2010JJ00,139
1069,A045318,2011JJ00,143
1070,A045318,2012JJ00,153
1071,A045318,2013JJ00,163
1072,A045318,2014JJ00,156
1073,A045318,2015JJ00,155
1074,A045318,2016JJ00,157
1075,A045318,2017JJ00,185
1076,A045318,2018JJ00,189
1077,A045318,2019JJ00,193
1078,A045318,2020JJ00,198
1079,A045318,2021JJ00,204
1080,A045124,1995JJ00,0
1081,A045124,1996JJ00,0
1082,A045124,1997JJ00,0
1083,A045124,1998JJ00,1007
1084,A045124,1999JJ00,982
1085,A045124,2000JJ00,1024
1086,A045124,2001JJ00,1132
1087,A045124,2002JJ00,1135
1088,A045124,2003JJ00,1283
1089,A045124,2004JJ00,1326
1090,A045124,2005JJ00,1419
1091,A045124,2006JJ00,1525
1092,A045124,2007JJ00,1716
1093,A045124,2008JJ00,1894
1094,A045124,2009JJ00,2085
1095,A045124,2010JJ00,2230
1096,A045124,2011JJ00,2381
1097,A045124,2012JJ00,2523
1098,A045124,2013JJ00,2713
1099,A045124,2014JJ00,2879
1100,A045124,2015JJ00,3010
1101,A045124,2016JJ00,3090
1102,A045124,2017JJ00,3163
1103,A045124,2018JJ00,3168
1104,A045124,2019JJ00,3237
1105,A045124,2020JJ00,3413
1106,A045124,2021JJ00,3500
1107,A045131,1995JJ00,0
1108,A045131,1996JJ00,0
1109,A045131,1997JJ00,0
1110,A045131,1998JJ00,0
1111,A045131,1999JJ00,0
1112,A045131,2000JJ00,0
1113,A045131,2001JJ00,0
1114,A045131,2002JJ00,0
1115,A045131,2003JJ00,0
1116,A045131,2004JJ00,0
1117,A045131,2005JJ00,0
1118,A045131,2006JJ00,0
1119,A045131,2007JJ00,0
1120,A045131,2008JJ00,0
1121,A045131,2009JJ00,9
1122,A045131,2010JJ00,270
1123,A045131,2011JJ00,435
1124,A045131,2012JJ00,0
1125,A045131,2013JJ00,0
1126,A045131,2014JJ00,0
1127,A045131,2015JJ00,0
1128,A045131,2016JJ00,0
1129,A045131,2017JJ00,0
1130,A045131,2018JJ00,0
1131,A045131,2019JJ00,0
1132,A045131,2020JJ00,0
1133,A045131,2021JJ00,0
1134,A045137,1995JJ00,0
1135,A045137,1996JJ00,0
1136,A045137,1997JJ00,0
1137,A045137,1998JJ00,0
1138,A045137,1999JJ00,0
1139,A045137,2000JJ00,0
1140,A045137,2001JJ00,0
1141,A045137,2002JJ00,0
1142,A045137,2003JJ00,0
1143,A045137,2004JJ00,0
1144,A045137,2005JJ00,0
1145,A045137,2006JJ00,0
1146,A045137,2007JJ00,1915
1147,A045137,2008JJ00,1993
1148,A045137,2009JJ00,2154
1149,A045137,2010JJ00,2340
1150,A045137,2011JJ00,2291
1151,A045137,2012JJ00,2233
1152,A045137,2013JJ00,2027
1153,A045137,2014JJ00,1835
1154,A045137,2015JJ00,5265
1155,A045137,2016JJ00,5338
1156,A045137,2017JJ00,5481
1157,A045137,2018JJ00,5880
1158,A045137,2019JJ00,6341
1159,A045137,2020JJ00,6552
1160,A045137,2021JJ00,6515
1161,A045144,1995JJ00,1524
1162,A045144,1996JJ00,1500
1163,A045144,1997JJ00,0
1164,A045144,1998JJ00,0
1165,A045144,1999JJ00,0
1166,A045144,2000JJ00,0
1167,A045144,2001JJ00,0
1168,A045144,2002JJ00,0
1169,A045144,2003JJ00,0
1170,A045144,2004JJ00,0
1171,A045144,2005JJ00,0
1172,A045144,2006JJ00,0
1173,A045144,2007JJ00,0
1174,A045144,2008JJ00,0
1175,A045144,2009JJ00,0
1176,A045144,2010JJ00,0
1177,A045144,2011JJ00,0
1178,A045144,2012JJ00,0
1179,A045144,2013JJ00,0
1180,A045144,2014JJ00,0
1181,A045144,2015JJ00,0
1182,A045144,2016JJ00,0
1183,A045144,2017JJ00,0
1184,A045144,2018JJ00,0
1185,A045144,2019JJ00,0
1186,A045144,2020JJ00,0
1187,A045144,2021JJ00,0
1188,A045136,1995JJ00,454
1189,A045136,1996JJ00,499
1190,A045136,1997JJ00,598
1191,A045136,1998JJ00,606
1192,A045136,1999JJ00,628
1193,A045136,2000JJ00,652
1194,A045136,2001JJ00,657
1195,A045136,2002JJ00,680
1196,A045136,2003JJ00,687
1197,A045136,2004JJ00,714
1198,A045136,2005JJ00,640
1199,A045136,2006JJ00,664
1200,A045136,2007JJ00,0
1201,A045136,2008JJ00,0
1202,A045136,2009JJ00,0
1203,A045136,2010JJ00,0
1204,A045136,2011JJ00,0
1205,A045136,2012JJ00,0
1206,A045136,2013JJ00,0
1207,A045136,2014JJ00,0
1208,A045136,2015JJ00,0
1209,A045136,2016JJ00,0
1210,A045136,2017JJ00,0
1211,A045136,2018JJ00,0
1212,A045136,2019JJ00,0
1213,A045136,2020JJ00,0
1214,A045136,2021JJ00,0
1215,A045316,1995JJ00,48
1216,A045316,1996JJ00,49
1217,A045316,1997JJ00,53
1218,A045316,1998JJ00,60
1219,A045316,1999JJ00,66
1220,A045316,2000JJ00,72
1221,A045316,2001JJ00,109
1222,A045316,2002JJ00,150
1223,A045316,2003JJ00,153
1224,A045316,2004JJ00,153
1225,A045316,2005JJ00,139
1226,A045316,2006JJ00,139
1227,A045316,2007JJ00,144
1228,A045316,2008JJ00,164
1229,A045316,2009JJ00,153
1230,A045316,2010JJ00,156
1231,A045316,2011JJ00,161
1232,A045316,2012JJ00,172
1233,A045316,2013JJ00,182
1234,A045316,2014JJ00,175
1235,A045316,2015JJ00,174
1236,A045316,2016JJ00,177
1237,A045316,2017JJ00,208
1238,A045316,2018JJ00,217
1239,A045316,2019JJ00,225
1240,A045316,2020JJ00,238
1241,A045316,2021JJ00,245
1242,A045133,1995JJ00,0
1243,A045133,1996JJ00,0
1244,A045133,1997JJ00,0
1245,A045133,1998JJ00,0
1246,A045133,1999JJ00,0
1247,A045133,2000JJ00,0
1248,A045133,2001JJ00,0
1249,A045133,2002JJ00,0
1250,A045133,2003JJ00,0
1251,A045133,2004JJ00,0
1252,A045133,2005JJ00,0
1253,A045133,2006JJ00,2503
1254,A045133,2007JJ00,2706
1255,A045133,2008JJ00,3357
1256,A045133,2009JJ00,3570
1257,A045133,2010JJ00,3835
1258,A045133,2011JJ00,4714
1259,A045133,2012JJ00,4589
1260,A045133,2013JJ00,5137
1261,A045133,2014JJ00,4030
1262,A045133,2015JJ00,3899
1263,A045133,2016JJ00,4204
1264,A045133,2017JJ00,4240
1265,A045133,2018JJ00,4594
1266,A045133,2019JJ00,4909
1267,A045133,2020JJ00,5230
1268,A045133,2021JJ00,5473
1269,A045151,1995JJ00,655
1270,A045151,1996JJ00,631
1271,A045151,1997JJ00,658
1272,A045151,1998JJ00,810
1273,A045151,1999JJ00,929
1274,A045151,2000JJ00,1029
1275,A045151,2001JJ00,1165
1276,A045151,2002JJ00,1174
1277,A045151,2003JJ00,1006
1278,A045151,2004JJ00,934
1279,A045151,2005JJ00,852
1280,A045151,2006JJ00,751
1281,A045151,2007JJ00,803
1282,A045151,2008JJ00,1059
1283,A045151,2009JJ00,789
1284,A045151,2010JJ00,1257
1285,A045151,2011JJ00,1251
1286,A045151,2012JJ00,1244
1287,A045151,2013JJ00,892
1288,A045151,2014JJ00,837
1289,A045151,2015JJ00,518
1290,A045151,2016JJ00,423
1291,A045151,2017JJ00,540
1292,A045151,2018JJ00,561
1293,A045151,2019JJ00,547
1294,A045151,2020JJ00,629
1295,A045151,2021JJ00,725